{
  "project" : "Project",
  "show_changelog" : "Show Valheim Changelog",
  "menu_refresh": "Refresh", 
  "menu_filter": "Filter", 
  "menu_loading_noelipsis": "Loading", 
  "menu_deaths": "Deaths:", 
  "menu_builds": "Structures Built:", 
  "menu_crafts": "Items Crafted:", 
  "hugin": "Hugin", 
  "trophies": "Trophies", 
  "lore": "Lore", 
  "press_a_key": "Press a Key", 
  "click_to_cancel": "Click to Cancel", 
  "healing_tick" : "hp/10s",
  "effect" : "effect",
  "skill" : "skill",
  "level" : "Level",
  "baselevel" : "Base",
  "experience" : "Experience",
  "to_next_level" : "To Next Level",
  "skill_singular_swords" : "Sword",
  "skill_singular_knives" : "Knife",
  "skill_singular_clubs" : "Club",
  "skill_singular_polearms" : "Polearm",
  "skill_singular_spears" : "Spear",
  "skill_singular_shields" : "Shield",
  "skill_singular_axes" : "Axe",
  "skill_singular_bows" : "Bow",
  "skill_singular_fist" : "Fist Weapon",
  "skill_singular_pickaxes" : "Pickaxe",
  "skill_singular_elementalmagic" : "Elemental Magic",
  "skill_singular_bloodmagic" : "Blood Magic",
  "skill_singular_unarmed" : "Fist Weapon",
  "itemtype_material" : "Material",
  "itemtype_consumable" : "Consumable",
  "itemtype_onehandedweapon" : "One-handed",
  "itemtype_bow" : "Bow",
  "itemtype_shield" : "Shield",
  "itemtype_helmet" : "Helmet",
  "itemtype_chest" : "Chest Armor",
  "itemtype_ammo" : "Ammunition",
  "itemtype_legs" : "Leg Armor",
  "itemtype_trophie" : "Trophy",
  "itemtype_twohandedweapon" : "Two-handed",
  "itemtype_torch" : "Torch",
  "itemtype_misc" : "Miscellaneous",
  "itemtype_shoulder" : "Cape",
  "itemtype_utility" : "Utility Item",
  "itemtype_tool" : "Tool",
  "itemtype_twohandedweaponleft" : "Two-handed",
  "itemtype_fish" : "Fish",
  "player_panel" : "Player Info", 
  "player_panel_tooltip" : "View health and stamina status, food, and status effects.",
  "crafting_panel" : "Crafting", 
  "crafting_panel_tooltip" : "Create basic items from raw materials.",
  "skills_panel" : "Skills", 
  "skills_panel_tooltip" : "View skill levels and experience.",
  "messagelog_panel" : "Message Log", 
  "messagelog_panel_tooltip" : "Review the message log.",
  "pvp_panel" : "PvP", 
  "pvp_panel_tooltip" : "Change friendly-fire and view player-vs-player information.",
  "pvp_enabled" : "PvP Enabled", 
  "pvp_disabled" : "PvP Disabled", 
  "pvp_wait" : "Please Wait", 
  "pvp_wait_text" : "PvP is temporarily disabled...",
  "pvp_click_to_enable" : "Click to Enable Friendly Fire", 
  "pvp_enable" : "Enable PVP", 
  "pvp_disable" : "Disable PVP", 
  "log_you" : "You",
  "log_arrival" : "$1 arrived in Valheim",
  "log_departure" : "$1 departed Valheim",
  "log_death_local_nocause" : "You died",
  "log_death_nocause" : "$1 died",
  "log_death_local" : "You were killed by $1",
  "log_death" : "$1 was killed by $2",
  "log_death_natural" : "natural causes",
  "death_skill_loss" : "Skill levels reduced by $1%, accumulated experience lost",
  "tombstone_recovered" : "You recovered the items from your <color=white>grave</color>",
  "log_newmaterial" : "You discovered a new material: <color=white>$1</color>",
  "log_newtrophy" : "You acquired a new trophy! <color=white>$1</color>",
  "log_newitem" : "You discovered a new item: <color=white>$1</color>",
  "log_newrecipe" : "You discovered a new recipe: <color=white>$1</color>",
  "log_newrecipes" : "You discovered $1 new recipes",
  "log_newstation" : "You discovered a new crafting station: <color=white>$1</color>",
  "log_newbiome" : "You discovered a new region: <color=$2>$1</color>",
  "log_newpiece" : "You discovered a new build piece: <color=white>$1</color>",
  "log_newpieces" : "You discovered $1 new build pieces",
  "log_teleport" : "You traveled through the <color=#F76B30>$1 portal</color>.",
  "log_teleportnotag" : "untagged",
  "log_upgrade" : "You upgraded the quality level of your <color=white>$1</color> to <color=#1B9B37>$2</color>",
  "log_craft" : "You crafted an item: <color=white>$1</color>",
  "log_skillup" : "You improved your <color=white>$1</color> skill to level <color=yellow>$2</color>",
  "log_pickup_one" : "You picked up $1 item",
  "log_pickup" : "You picked up $1 items",
  "compendium" : "Compendium", 
  "trophy" : "Trophy", 
  "drops" : "Drops", 
  "stats" : "Stats", 
  "aggressive" : "Aggressive", 
  "passive" : "Passive", 
  "tameable" : "Tameable", 
  "untameable" : "Untameable",
  "settings_altplace_short": "Alt Placement",
  "trash": "Trash",
  "percent_effective": "Effectiveness:",
  "status_desc": "Base <color=$1>$2</color> + Food <color=$3>$4</color>",
  "" : ""
}
